original,seasonal,residual
19.81198319297225,-0.002545302285953754,-0.22972564410242877
19.91062296356067,-0.042661380817930875,-0.10586517786629727
19.78417033243745,-0.0069449365155245515,-0.28292963617619105
19.799905176457624,0.028698419014318955,-0.31773353057012726
20.39417788306978,0.024757289347745723,0.2655849228243358
19.92131055326829,0.0016414084460748878,-0.19906190895974732
20.27171462688152,-0.015869617199723008,0.18831532506414583
20.14292604888596,0.0038908123177334446,0.004501976203352048
20.026913256567468,0.017086333224050065,-0.15738733210446298
20.37346455461014,0.0016837816992852524,0.16906154132045917
20.38535773808504,0.006068309722169558,0.1631457131836714
20.21063661110453,-0.015805116952245703,-0.001257001621583407
20.128071373581164,-0.002545302285953754,-0.11175678168094047
20.440878975298403,-0.042661380817930875,0.2539275768170502
20.03825820269193,-0.0069449365155245515,-0.19741501720427743
20.39793673362346,0.028698419014318955,0.10861155360571902
20.11833393203513,0.024757289347745723,-0.18015476672740754
20.474474852282786,0.0016414084460748878,0.1827616084354787
20.070743796739848,-0.015869617199723008,-0.2096413007558835
20.03764060105697,0.0038908123177334446,-0.25450492095767374
20.444327755095365,0.017086333224050065,0.14354921747067806
20.38825656628283,0.0016837816992852524,0.08769702212192192
20.68507728828522,0.006068309722169558,0.34828780467260245
20.30308728457895,-0.015805116952245703,-0.025419457764572138
20.184009803168024,-0.002545302285953754,-0.15801620943423553
20.19294042574654,-0.042661380817930875,-0.1419093661231567
20.17669662513319,-0.0069449365155245515,-0.21615747196710353
20.623903704645837,0.028698419014318955,0.19989954003706928
20.65665683530445,0.024757289347745723,0.24894272978279125
20.262328398741168,0.0016414084460748878,-0.1310366662230841
20.28911718450012,-0.015869617199723008,-0.12152838831562797
20.609823800482705,0.0038908123177334446,0.15885160953314584
20.407053217946228,0.017086333224050065,-0.0707966247917895
20.317692190919104,0.0016837816992852524,-0.15546839564834566
20.459267357556037,0.006068309722169558,-0.015884949405111554
20.73930138357052,-0.015805116952245703,0.27366756662781294
20.582792508111567,-0.002545302285953754,0.09451229127086483
20.287746247595564,-0.042661380817930875,-0.15268748086514877
20.41026194445556,-0.0069449365155245515,-0.08272468393499019
20.647457473824097,0.028698419014318955,0.09653502600164261
20.57567568302572,0.024757289347745723,0.036273057415841595
20.63982803076325,0.0016414084460748878,0.13819225190734272
20.136895598038848,-0.015869617199723008,-0.34579965681519176
20.576515550591782,0.0038908123177334446,0.07781380462457735
20.8444364028955,0.017086333224050065,0.32900956083298283
20.41532813961932,0.0016837816992852524,-0.10172989894052671
20.179742787751746,0.006068309722169558,-0.35283181462436175
20.66720277291954,-0.015805116952245703,0.15551740471669914
20.620583158216817,-0.002545302285953754,0.08641342850074954
20.159861075787443,-0.042661380817930875,-0.3437477924471554
20.6228569207996,-0.0069449365155245515,0.09158759567375532
20.843672450010217,0.028698419014318955,0.2811977033306687
20.646629565880776,0.024757289347745723,0.07553418304092326
20.592494767935754,0.0016414084460748878,0.03517460837904237
20.405617985192706,-0.015869617199723008,-0.13535581303325706
20.53711837265013,0.0038908123177334446,-0.014835303448555076
20.690489882969363,0.017086333224050065,0.15053667630572676
20.462764244118095,0.0016837816992852524,-0.027802807846502537
20.43378906309793,0.006068309722169558,-0.037464538982436305
20.63733228041804,-0.015805116952245703,0.192073302804163
20.67840559427961,-0.002545302285953754,0.21309314568258278
19.8913054002511,-0.042661380817930875,-0.5292597137172929
20.286708828143,-0.0069449365155245515,-0.14628912364152577
20.36421406648432,0.028698419014318955,-0.10009905731840645
20.557336479635797,0.024757289347745723,0.09788579382472058
20.582879107171077,0.0016414084460748878,0.16416488646965063
20.578281397561945,-0.015869617199723008,0.2031732966249502
20.253304813961087,0.0038908123177334446,-0.16151533990151476
20.415496885987817,0.017086333224050065,-0.04576634799626689
20.633880836820158,0.0016837816992852524,0.1941272166291478
20.24056107059414,0.006068309722169558,-0.19590128315479918
20.40766625193027,-0.015805116952245703,0.03690520549502649
20.281789363920147,-0.002545302285953754,-0.057788926738157144
20.76676059240617,-0.042661380817930875,0.4578973111272671
20.20919505715192,-0.0069449365155245515,-0.13887239271167126
20.295158343036054,0.028698419014318955,-0.06176501992453991
20.44217313592508,0.024757289347745723,0.10133852696337194
19.646173315539105,0.0016414084460748878,-0.6710170479883061
20.448365498556427,-0.015869617199723008,0.1574452179674497
20.60884637262836,0.0038908123177334446,0.3226710566929982
20.143660710095343,0.017086333224050065,-0.14508175804828838
20.26281839432444,0.0016837816992852524,-0.01551714333200545
20.320080529114367,0.006068309722169558,0.055809746000648905
20.315466044627005,-0.015805116952245703,0.059757179579600556
20.16377219620017,-0.002545302285953754,-0.13075588238124633
20.29664830002041,-0.042661380817930875,0.0617138253273329
20.42422650078452,-0.0069449365155245515,0.15475105044605278
20.20002180430536,0.028698419014318955,-0.11106843383349511
20.094526893081092,0.024757289347745723,-0.18980771381246236
20.31329576497761,0.0016414084460748878,0.06611306907152112
20.394668621943158,-0.015869617199723008,0.1840237961280844
20.195082640689016,0.0038908123177334446,-8.096636316263107e-06
20.529213194266298,0.017086333224050065,0.36737079040316445
20.020580284646485,0.0016837816992852524,-0.0956833319156379
20.01477060090277,0.006068309722169558,-0.10326772597814128
20.28391125077953,-0.015805116952245703,0.2100306409078618
19.738682723362427,-0.002545302285953754,-0.30993428293864367
19.87418934068541,-0.042661380817930875,-0.10588358354638487
19.73203295527512,-0.0069449365155245515,-0.24043093589656458
20.16798569118489,0.028698419014318955,0.18975273879304638
20.063927381303348,0.024757289347745723,0.115096936142373
19.80907230871946,0.0016414084460748878,-0.05497456238807389
19.974330040515905,-0.015869617199723008,0.15881794108548797
19.933149137221225,0.0038908123177334446,0.08654101351123147
19.75133524103357,0.017086333224050065,-0.11848395216820151
20.081475174446744,0.0016837816992852524,0.24200154250912878
19.342802649559463,0.006068309722169558,-0.46444682568044626
19.475854566480432,-0.015805116952245703,-0.29444200400595283
19.8021695029098,-0.002545302285953754,0.023346099439896094
20.08275683542888,-0.042661380817930875,0.35548985224536805
19.76383862658272,-0.0069449365155245515,-0.008375463083157592
19.77754778613183,0.028698419014318955,-0.0230267197963701
19.57575685306237,0.024757289347745723,-0.21639307658058976
19.935335363061828,0.0016414084460748878,0.12987316378039324
19.734475425786968,-0.015869617199723008,-0.07215951336485894
19.89843554984424,0.0038908123177334446,0.08458337241764882
20.0075847207295,0.017086333224050065,0.19962169668202634
19.650435152330257,0.0016837816992852524,-0.1431645929463988
19.66623995282808,0.006068309722169558,-0.15796401816259378
20.02669287617528,-0.015805116952245703,0.2109478344299218
19.69974156560355,-0.002545302285953754,-0.11937807752427995
19.884148182910504,-0.042661380817930875,0.12199472627995263
19.504415096250742,-0.0069449365155245515,-0.2640674246477941
20.061913862558452,0.028698419014318955,0.3000901410426022
19.92066352122296,0.024757289347745723,0.19578882705189676
19.912376633199703,0.0016414084460748878,0.24742038466653468
19.52018903683726,-0.015869617199723008,-0.10069951168268411
19.708319347626883,0.0038908123177334446,0.0876695729448416
19.492403802120773,0.017086333224050065,-0.1411832401086457
19.15036435303824,0.0016837816992852524,-0.46484068924579397
19.374121207842794,0.006068309722169558,-0.21319319979720577
19.43555006749128,-0.015805116952245703,-0.09449918764090429
19.653524189469337,-0.002545302285953754,0.1292356154942859
19.450384678516063,-0.042661380817930875,-0.03249356809226171
19.93198052003053,-0.0069449365155245515,0.4193179607338182
19.562841676683934,0.028698419014318955,0.00811045886060997
19.645131803091424,0.024757289347745723,0.07719734854113831
19.33850693132965,0.0016414084460748878,-0.23889166821178023
19.63756683894517,-0.015869617199723008,0.07152991445466504
19.55987957348488,0.0038908123177334446,-0.008012966967092278
19.49847241752621,0.017086333224050065,-0.06487510982782396
19.298503009555336,0.0016837816992852524,-0.22449449444653577
19.637447344770592,0.006068309722169558,0.12313831841836019
19.954144551991057,-0.015805116952245703,0.447570840634887
19.2825141192464,-0.002545302285953754,-0.23364723570057175
19.391679223395364,-0.042661380817930875,-0.06337109300269532
19.56491315904908,-0.0069449365155245515,0.07555154701405534
19.331169713807803,0.028698419014318955,-0.19945552039207143
19.56305162982708,0.024757289347745723,0.019589375181934446
19.75990178487437,0.0016414084460748878,0.268535890411632
19.128039879588677,-0.015869617199723008,-0.31563173173388015
19.565527492434967,0.0038908123177334446,0.07589105028582724
19.459100930605587,0.017086333224050065,-0.06032588038317854
19.47276089571613,0.0016837816992852524,-0.03646835502981512
19.865865061294,0.006068309722169558,0.34326032059142364
19.030195332729985,-0.015805116952245703,-0.4645903163272587
19.482065158642133,-0.002545302285953754,-0.034546797986037305
19.82103381541869,-0.042661380817930875,0.32183937448965066
19.533834917425292,-0.0069449365155245515,-0.015078735970962293
19.48716774619828,0.028698419014318955,-0.12811165522870055
19.62283668384649,0.024757289347745723,-0.004433559993105615
19.557420771553083,0.0016414084460748878,-0.05083882484273731
19.536116722621117,-0.015869617199723008,-0.0633822564700315
19.702216157390755,0.0038908123177334446,0.09788340512679186
19.65847870160521,0.017086333224050065,0.05668644146377133
20.010720544737737,0.0016837816992852524,0.4135111295397453
19.710272742172915,0.006068309722169558,0.09912576846971986
19.28431325484043,-0.015805116952245703,-0.3050076776883886
19.43795703671875,-0.002545302285953754,-0.17866225995550375
19.50690218507074,-0.042661380817930875,-0.06896528678499607
19.47030223508099,-0.0069449365155245515,-0.11392505321955235
19.81037338649428,0.028698419014318955,0.22004685182736566
19.52890377512624,0.024757289347745723,-0.041358350462966695
19.652490932274244,0.0016414084460748878,0.09333146254864175
19.777971749399303,-0.015869617199723008,0.19951653819125093
19.44510321973553,0.0038908123177334446,-0.18261857551938673
19.2590325706782,0.017086333224050065,-0.4016078171308344
19.70110805574144,0.0016837816992852524,0.03236018615293139
19.6329265253018,0.006068309722169558,-0.060362565619558675
19.649976872625214,-0.015805116952245703,-0.039082501927895114
19.955655830011924,-0.002545302285953754,0.24701953611952523
19.69735110048332,-0.042661380817930875,0.016195608976618273
19.75320703921572,-0.0069449365155245515,0.008476895259339506
20.091709381661204,0.028698419014318955,0.2951936764984386
19.731328419398583,0.024757289347745723,-0.07055272880455625
19.873515335349783,0.0016414084460748878,0.0708507812599116
19.70855785847568,-0.015869617199723008,-0.1053010728992836
19.817763738169923,0.0038908123177334446,-0.03909605392290258
19.554969047778464,0.017086333224050065,-0.3388800757529111
19.7925845148781,0.0016837816992852524,-0.09405436563221821
19.764807811131845,0.006068309722169558,-0.13160325041583124
20.091678469716825,-0.015805116952245703,0.2070390790916383
20.20288390326166,-0.002545302285953754,0.29134368280024037
20.00789337604331,-0.042661380817930875,0.12374019132898624
20.01371621642941,-0.0069449365155245515,0.059341958915681864
20.027815608536457,0.028698419014318955,-0.016997846298775255
19.924525864870763,0.024757289347745723,-0.15571724885660282
19.92276002792384,0.0016414084460748878,-0.15175330312488314
19.986697529980088,-0.015869617199723008,-0.06148485341490663
19.84512109350271,0.0038908123177334446,-0.21577545762510494
20.355722776373543,0.017086333224050065,0.27568635403567043
20.306930989282947,0.0016837816992852524,0.2302785228232155
20.195360262135925,0.006068309722169558,0.09440459767894992
20.07839237606548,-0.015805116952245703,-0.027229637285491912
20.004491868722702,-0.002545302285953754,-0.13283125710535013
20.03717512775098,-0.042661380817930875,-0.07620569947157733
20.12709887201146,-0.0069449365155245515,-0.03673357912003447
20.202879248473355,0.028698419014318955,-0.005572031386087684
20.227510304318525,0.024757289347745723,0.0007297355502704078
20.25673020211789,0.0016414084460748878,0.03879576345264509
20.09531850324504,-0.015869617199723008,-0.11519890401299172
20.12467083847335,0.0038908123177334446,-0.11994711745509631
20.4298173419596,0.017086333224050065,0.17421949045562002
20.44824778045142,0.0016837816992852524,0.20462756114890315
20.588533516776653,0.006068309722169558,0.3523045430764081
20.02769314059261,-0.015805116952245703,-0.173980476580647
20.29744696592167,-0.002545302285953754,0.06314233148438367
20.08838289022299,-0.042661380817930875,-0.12002685226304337
20.022716101600643,-0.0069449365155245515,-0.22079487501009873
20.38946008264346,0.028698419014318955,0.10448519612232561
19.758310903144597,0.024757289347745723,-0.5207696007939748
20.421563286830157,0.0016414084460748878,0.16439849993254682
20.395394280878502,-0.015869617199723008,0.13132963017903543
20.165903538777304,0.0038908123177334446,-0.15214053971720728
20.37381959739084,0.017086333224050065,-0.0023450023296121003
20.6439388301533,0.0016837816992852524,0.254870916718509
20.34596439709119,0.006068309722169558,-0.07837135133310981
20.299066192934937,-0.015805116952245703,-0.12910021377415662
20.61193526032316,-0.002545302285953754,0.1653614163254901
20.595150554483563,-0.042661380817930875,0.16837713493953826
20.594148445011005,-0.0069449365155245515,0.10835807033373349
20.497368504971664,0.028698419014318955,-0.008511692162297902
20.39160184801536,0.024757289347745723,-0.09930313015777407
20.405170380980373,0.0016414084460748878,-0.07930394497563711
20.535330129663176,-0.015869617199723008,0.08135902918667191
20.51354338787264,0.0038908123177334446,0.06459756487012117
20.58539200823557,0.017086333224050065,0.14617572101144916
20.05908162555296,0.0016837816992852524,-0.33414848499598954
20.666003458629227,0.006068309722169558,0.2655907397752425
20.3794726198262,-0.015805116952245703,-0.015227996010780651
20.219716037422845,-0.002545302285953754,-0.17896820226964247
20.39251280958928,-0.042661380817930875,0.049020993256467874
20.246584829472077,-0.0069449365155245515,-0.11632976696298322
20.110925116900862,0.028698419014318955,-0.3061661237350502
20.845199162857888,0.024757289347745723,0.4093949160047334
20.33944483391567,0.0016414084460748878,-0.06895496479496757
20.37842709726904,-0.015869617199723008,-0.019786413752598053
20.30861414440201,0.0038908123177334446,-0.11363162460644657
20.39927331090237,0.017086333224050065,-0.039558491055093015
20.689999250990272,0.0016837816992852524,0.2421217475050165
20.578785094403543,0.006068309722169558,0.11696775466375896
20.36376537027163,-0.015805116952245703,-0.07572622610451932
20.41121699794065,-0.002545302285953754,-0.05113644053190778
20.30353573233612,-0.042661380817930875,-0.126358249197354
20.416934195749768,-0.0069449365155245515,-0.05037072642739113
20.5273338238845,0.028698419014318955,0.035308928512563134
20.658117853433698,0.024757289347745723,0.19095899058834326
20.515670542798564,0.0016414084460748878,0.07430087928992321
20.43265004670896,-0.015869617199723008,-0.016905951284431852
20.438150113191558,0.0038908123177334446,-0.06902417468305641
20.310405254303543,0.017086333224050065,-0.2326190129653618
20.516706131547625,0.0016837816992852524,-0.004414210237080401
20.24988054520601,0.006068309722169558,-0.2625071533915059
20.628510277028127,-0.015805116952245703,0.14997647699532932
20.763208734317327,-0.002545302285953754,0.27215828342822024
20.860132644689788,-0.042661380817930875,0.4164792830334659
20.404044287107425,-0.0069449365155245515,-0.05818255800632152
20.384190757500303,0.028698419014318955,-0.09363848208674268
20.4864488107762,0.024757289347745723,0.02430760302022357
20.39980826008873,0.0016414084460748878,-0.029649158936072707
20.53067639797923,-0.015869617199723008,0.13154286490038936
20.16537950510189,0.0038908123177334446,-0.21116050454540966
20.171744802113608,0.017086333224050065,-0.17407927072482465
20.174383518380523,0.0016837816992852524,-0.1491922285000525
20.310277506425237,0.006068309722169558,-0.013257777360325646
20.338483527900834,-0.015805116952245703,0.03624798516096403
20.74572683624065,-0.002545302285953754,0.4463489193590938
19.861119671990405,-0.042661380817930875,-0.38394975697944206
20.349182274642462,-0.0069449365155245515,0.05724756083464391
20.27475418357117,0.028698419014318955,-0.07080926989400309
20.48968559787586,0.024757289347745723,0.12168616946567319
20.410339928078383,0.0016414084460748878,0.053576169525535976
20.133326157398987,-0.015869617199723008,-0.16863597892793059
20.22211192056857,0.0038908123177334446,-0.07271405430401698
20.382584559500515,0.017086333224050065,0.09478597370047481
20.395192980053807,0.0016837816992852524,0.16610805055854475
20.72251855542994,0.006068309722169558,0.5243518961371488
20.21136754396018,-0.015805116952245703,0.05387247276249793
19.977868502258204,-0.002545302285953754,-0.1915365128859626
19.98345982264996,-0.042661380817930875,-0.16265101581582359
19.741492284490203,-0.0069449365155245515,-0.4430905571135382
19.84297765900313,0.028698419014318955,-0.35114423910872744
20.074194965035407,0.024757289347745723,-0.07568497055950622
20.37467468682217,0.0016414084460748878,0.2875947029551021
20.136594501379744,-0.015869617199723008,0.07914568781495766
20.62256922107409,0.0038908123177334446,0.551185505311645
20.048260671048244,0.017086333224050065,-0.02373249161633595
20.10301369198452,0.0016837816992852524,0.0514707615304774
20.047477855090392,0.006068309722169558,-0.005986749925848484
19.933990544471555,-0.015805116952245703,-0.06782630676646109
19.9643620299912,-0.002545302285953754,-0.01756192738116478
19.857153639241957,-0.042661380817930875,-0.05411636411218439
19.565732691797745,-0.0069449365155245515,-0.35117421300209894
19.897592915237077,0.028698419014318955,-0.04009239305198191
19.96047122574493,0.024757289347745723,0.03611598860208538
19.7738145756212,0.0016414084460748878,-0.1072209470052016
19.94178960781408,-0.015869617199723008,0.09593375695237703
20.084465102969897,0.0038908123177334446,0.22083391725574744
19.8644557605916,0.017086333224050065,-0.022452412342087058
19.93005975346597,0.0016837816992852524,0.053438600867412075
19.995097198097643,0.006068309722169558,0.12872955249071535
19.50147919470973,-0.015805116952245703,-0.3247598883890371
19.972825872899467,-0.002545302285953754,0.16928353528780496
19.80104752437341,-0.042661380817930875,0.08415470147653721
19.8637939981836,-0.0069449365155245515,0.1592537173595341
19.722304357402447,0.028698419014318955,0.0079515891940642
19.78444694323117,0.024757289347745723,0.08522138311285339
19.51171559812508,0.0016414084460748878,-0.17141811320353853
19.34093114162869,-0.015869617199723008,-0.3237166788594832
19.568521100767875,0.0038908123177334446,-0.09691705491913735
19.22674408978849,0.017086333224050065,-0.4389907605167771
19.947830588776405,0.0016837816992852524,0.30755352137994
19.70886048062345,0.006068309722169558,0.07514094396394198
19.95629268287121,-0.015805116952245703,0.34655467016029656
19.494615620066355,-0.002545302285953754,-0.16077478161814648
19.82397551355981,-0.042661380817930875,0.19060456762804107
19.53129417808363,-0.0069449365155245515,-0.14231247862529892
19.813478624285565,0.028698419014318955,0.11494780107415865
19.43066326611179,0.024757289347745723,-0.245158503234509
19.81490494066418,0.0016414084460748878,0.19436599024683474
19.815163582464823,-0.015869617199723008,0.2335420163918409
19.528607606633507,0.0038908123177334446,-0.07208165167979727
19.375119979316985,0.017086333224050065,-0.2272478268714373
19.5421941625912,0.0016837816992852524,-0.03744998190002542
19.664066726043828,0.006068309722169558,0.09419974691025344
19.22907992479609,-0.015805116952245703,-0.29105093495560813
19.70807576937577,-0.002545302285953754,0.20897540554859764
19.593889669599147,-0.042661380817930875,0.14919710089535881
19.48497266929557,-0.0069449365155245515,-0.01793985656263339
19.684093488935225,0.028698419014318955,0.12237432162755697
19.2201677603293,0.024757289347745723,-0.34118607383568184
19.356695821467525,0.0016414084460748878,-0.19118339295715572
19.45040524748196,-0.015869617199723008,-0.0805129273871328
19.550364743422644,0.0038908123177334446,0.015134730674881941
19.89344715097588,0.017086333224050065,0.34975099994607817
19.57978585300328,0.0016837816992852524,0.042286752525199686
19.712294152205097,0.006068309722169558,0.14775469643019531
19.412242766507596,-0.015805116952245703,-0.15145919222754659
19.53811259382946,-0.002545302285953754,-0.04435084059781711
19.39308664581453,-0.042661380817930875,-0.15274486563567352
19.57227051009756,-0.0069449365155245515,0.013088124703430487
19.817727671486185,0.028698419014318955,0.24289948901234454
19.63027343235286,0.024757289347745723,0.05988935643018074
19.45145246067565,0.0016414084460748878,-0.08992429536997051
19.48768847289416,-0.015869617199723008,-0.036777861014691174
19.596701251328057,0.0038908123177334446,0.04846588372771679
19.310336954466948,0.017086333224050065,-0.24284111954471044
19.682954646709124,0.0016837816992852524,0.17611006124399556
19.597053913269114,0.006068309722169558,0.11093943907018043
19.38608847003428,-0.015805116952245703,-0.07629293309610022
19.57868137451945,-0.002545302285953754,0.08872728184139125
19.44872436530125,-0.042661380817930875,-0.007026920404543377
19.31856524273091,-0.0069449365155245515,-0.16855773307444274
19.329090450330444,0.028698419014318955,-0.1955850731831002
19.516159310570806,0.024757289347745723,0.005062265443745065
19.520935116998324,0.0016414084460748878,0.03904760009370064
19.761714813724907,-0.015869617199723008,0.30206486196953386
19.464593427930318,0.0038908123177334446,-0.0023071747551617065
19.338170676996263,0.017086333224050065,-0.1490106465108667
19.7009415364602,0.0016837816992852524,0.20298745578778057
19.347770654240197,0.006068309722169558,-0.18682213774138648
19.489124193364795,-0.015805116952245703,-0.031540201146858654
19.36220870310606,-0.002545302285953754,-0.1723838611408602
19.36496235061816,-0.042661380817930875,-0.13051569393132384
19.572372055382115,-0.0069449365155245515,0.03955910456419878
19.7034910462405,0.028698419014318955,0.11995701831717627
19.91585911353137,0.024757289347745723,0.2969736198131205
19.311916014945464,0.0016414084460748878,-0.3357633300883038
19.98677443743313,-0.015869617199723008,0.3200747354996951
19.263571216251314,0.0038908123177334446,-0.44945164571691465
19.578035975859773,0.017086333224050065,-0.16245249288196106
19.82294155541017,0.0016837816992852524,0.07852293996947728
20.168792926366148,0.006068309722169558,0.40391272574004333
19.9139354944514,-0.015805116952245703,0.129108278974533
19.81415058311074,-0.002545302285953754,-0.015563917008228102
19.550526003029468,-0.042661380817930875,-0.25719824989663737
19.72929046378337,-0.0069449365155245515,-0.16416153812281117
20.010557395208565,0.028698419014318955,0.04849135715378923
19.994642136464005,0.024757289347745723,0.028208574938220113
20.236823588617177,0.0016414084460748878,0.28017927504376555
19.820926143180827,-0.015869617199723008,-0.14938348725028283
19.86443946264224,0.0038908123177334446,-0.16056068553004563
20.177439041732946,0.017086333224050065,0.10775247975679747
20.014834824387044,0.0016837816992852524,-0.06512041672787967
20.17630733269121,0.006068309722169558,0.07991286146058939
20.226260278909542,-0.015805116952245703,0.1543488428927857
20.25005801873665,-0.002545302285953754,0.15567292256508627
19.95294068477265,-0.042661380817930875,-0.1169120158006453
20.08265721158125,-0.0069449365155245515,-0.028403441669396096
20.273300183335703,0.028698419014318955,0.12924192606692103
20.021212198564253,0.024757289347745723,-0.10582307778453774
20.14762292157019,0.0016414084460748878,0.0508371727396529
20.131259101952185,-0.015869617199723008,0.05479448809713382
19.92811489427994,0.0038908123177334446,-0.1699196523962014
20.24555981109385,0.017086333224050065,0.12608057959191044
19.88321601874523,0.0016837816992852524,-0.22166361073846783
19.99396170825112,0.006068309722169558,-0.12892857816205608
20.23739838455151,-0.015805116952245703,0.11597539587766034
20.171477289182256,-0.002545302285953754,0.037511116599270665
20.074949493614167,-0.042661380817930875,-0.031029338877415144
20.15862833680728,-0.0069449365155245515,-0.008529006194350125
20.216599846266167,0.028698419014318955,-0.012953428491940411
20.40493962939219,0.024757289347745723,0.12514738185721547
20.25364258518427,0.0016414084460748878,-0.0535781273899815
20.008040300166453,-0.015869617199723008,-0.30103577040288676
20.342423418639388,0.0038908123177334446,-0.006214362769347143
20.442340875717747,0.017086333224050065,0.05922794019294386
20.32849678356063,0.0016837816992852524,-0.061740825752235454
20.849003402078267,0.006068309722169558,0.44527312083364123
20.5954209933072,-0.015805116952245703,0.22844338857809474
20.278247887807773,-0.002545302285953754,-0.11043780534828893
20.443409646715185,-0.042661380817930875,0.0818003609008447
20.300879380740337,-0.0069449365155245515,-0.10702554277110018
20.61500220984088,0.028698419014318955,0.14600642411963322
20.225132719630448,0.024757289347745723,-0.22419267476771304
20.07634749875958,0.0016414084460748878,-0.321830896653664
20.388093956847047,-0.015869617199723008,0.0062678679804621835
20.275321870525005,0.0038908123177334446,-0.12422635008543834
20.763343065304696,0.017086333224050065,0.3568052323578996
20.61823475429289,0.0016837816992852524,0.2450117100266768
20.181763151589667,0.006068309722169558,-0.19163773820609267
20.58991440979792,-0.015805116952245703,0.19984898291257933
20.311563729696328,-0.002545302285953754,-0.12957894368570985
20.361174658260264,-0.042661380817930875,-0.05652927513633614
20.234172563516125,-0.0069449365155245515,-0.2233334482903819
20.25181533532541,0.028698419014318955,-0.2357837034511337
20.487359214305894,0.024757289347745723,-0.006296825743837428
20.73903213442,0.0016414084460748878,0.25449412254941134
20.633027685116296,-0.015869617199723008,0.14387375461737073
20.430644267372752,0.0038908123177334446,-0.1074711445818883
20.70607588703704,0.017086333224050065,0.13401989106018775
20.54229404712513,0.0016837816992852524,-0.03519328922843863
20.49765900131169,0.006068309722169558,-0.10302320595739091
20.60996702541655,-0.015805116952245703,0.03282183956605619
20.82255777665693,-0.002545302285953754,0.25423373985923947
20.55100585781789,-0.042661380817930875,0.039755437749102354
20.54222287874001,-0.0069449365155245515,0.004470170341151407
20.443778425737044,0.028698419014318955,-0.12533463508895465
20.74684435331736,0.024757289347745723,0.18540152926363013
20.43962072154856,0.0016414084460748878,-0.08038709232442046
20.402495968729305,-0.015869617199723008,-0.07132848637952073
20.254195067033454,0.0038908123177334446,-0.2200861921533763
20.661385344040223,0.017086333224050065,0.18801162514185776
20.484192515657128,0.0016837816992852524,0.023303061337205316
20.46626196224296,0.006068309722169558,-0.0011044070336464658
20.201704961787406,-0.015805116952245703,-0.23898739913019343
20.542683845445485,-0.002545302285953754,0.09185994890371565
20.3675927784826,-0.042661380817930875,-0.05517557781386799
20.38716248940056,-0.0069449365155245515,-0.08782423005613446
20.6688777017881,0.028698419014318955,0.1573389344791704
20.571962363677542,0.024757289347745723,0.06371359309154663
20.499288750758225,0.0016414084460748878,-0.003591336731985006
20.26774924250866,-0.015869617199723008,-0.21403006299079386
20.678394712134413,0.0038908123177334446,0.20281547934280456
20.633231751526917,0.017086333224050065,0.1512871572608212
20.53415472390793,0.0016837816992852524,0.08790246933848371
20.43192694463942,0.006068309722169558,0.017385175796460133
20.66197272673222,-0.015805116952245703,0.2924735108763931
19.99626192822161,-0.002545302285953754,-0.3952760441071369
20.290962642299142,-0.042661380817930875,-0.05635714325333467
20.29986879922017,-0.0069449365155245515,-0.04790767314913233
20.26921647584317,0.028698419014318955,-0.08715134004480189
20.105343259637817,0.024757289347745723,-0.22722698396109103
20.40984882329267,0.0016414084460748878,0.13295333641949866
20.56788377333325,-0.015869617199723008,0.3288274202717647
20.279809583446685,0.0038908123177334446,0.01980094991823636
20.18558270056081,0.017086333224050065,-0.10292184489417622
20.3325554866059,0.0016837816992852524,0.050532093736868886
20.15697155900162,0.006068309722169558,-0.14125265641268117
20.15551509259245,-0.015805116952245703,-0.11007830552714085
20.014844966380014,-0.002545302285953754,-0.21910965441462546
20.300984026929,-0.042661380817930875,0.1239688034249778
20.657056799075598,-0.0069449365155245515,0.4372515668105921
20.12614205051916,0.028698419014318955,-0.11632830066663784
20.532008753498957,0.024757289347745723,0.31634602336656065
19.725005954544557,0.0016414084460748878,-0.4710028289258425
20.175160434291552,-0.015869617199723008,-0.004277075968445631
20.268773272280956,0.0038908123177334446,0.09128562547864563
20.366384558732435,0.017086333224050065,0.20981862190942024
19.84027594981704,0.0016837816992852524,-0.2827788745896141
20.10045530250652,0.006068309722169558,-0.006385159868229535
20.295117770839703,-0.015805116952245703,0.2122128800211611
19.89779634658241,-0.002545302285953754,-0.2021816323186648
19.89698561532316,-0.042661380817930875,-0.13057752077743418
20.242241669426715,-0.0069449365155245515,0.213347560179213
20.10635171876976,0.028698419014318955,0.04717097163008761
20.057425723933395,0.024757289347745723,0.019328724004077105
20.15009750694712,0.0016414084460748878,0.18554392029413833
19.8415874438788,-0.015869617199723008,-0.08676970527014995
19.827175920249623,0.0038908123177334446,-0.12016486264349366
19.98273060303186,0.017086333224050065,0.023672296386074265
20.09536868221328,0.0016837816992852524,0.15400128967552665
19.433939749059647,0.006068309722169558,-0.49331082638428725
19.75137254729449,-0.015805116952245703,-0.13160286547648584
19.993091685530057,-0.002545302285953754,0.11653013824376904
19.783047177816588,-0.042661380817930875,-0.036516864175263494
20.32070817524581,-0.0069449365155245515,0.47898684802436353
19.972964510952192,0.028698419014318955,0.11902683786693986
19.746780648950043,0.024757289347745723,-0.11416774102625986
19.92310091796544,0.0016414084460748878,0.05968291746178308
19.596415709236844,-0.015869617199723008,-0.245171528010111
19.667193412592592,0.0038908123177334446,-0.20374656684149725
19.817293292941383,0.017086333224050065,-0.05522927127901056
19.69855776031895,0.0016837816992852524,-0.12386276770971046
20.09359498833696,0.006068309722169558,0.2774176247373187
19.7057691023138,-0.015805116952245703,-0.06809086351936403
19.935021427849016,-0.002545302285953754,0.16581613351340044
20.07133293956996,-0.042661380817930875,0.3332110521734873
19.7537119466121,-0.0069449365155245515,-0.020705519685974644
19.707173107578743,0.028698419014318955,-0.11308589458409583
19.7575074334778,0.024757289347745723,-0.05780173576795526
19.421718827228005,0.0016414084460748878,-0.34042763476398935
19.66785013204224,-0.015869617199723008,-0.05656831924776619
19.81254310801516,0.0038908123177334446,0.09237906939781285
19.68584282789947,0.017086333224050065,-0.017382020121221586
20.07476455339908,0.0016837816992852524,0.39874305316609643
19.69317931724462,0.006068309722169558,0.013346105907772726
19.385060940955903,-0.015805116952245703,-0.258850802599534
19.770521947858267,-0.002545302285953754,0.12290101343945073
19.659476206997983,-0.042661380817930875,0.07610862157824101
19.442335603112895,-0.0069449365155245515,-0.1512619796368808
19.7353303407672,0.028698419014318955,0.12049075312200914
19.71560259423291,0.024757289347745723,0.13914795175406985
19.12647067990491,0.0016414084460748878,-0.41631651884172743
19.73388330809553,-0.015869617199723008,0.20887245124358267
19.16721544075148,0.0038908123177334446,-0.35875233994940303
19.71949576782624,0.017086333224050065,0.200098118079449
19.69547919824599,0.0016837816992852524,0.20389033990633312
19.24581310040311,0.006068309722169558,-0.242611289893662
19.579189649864603,-0.015805116952245703,0.08914088437287956
19.57002564897613,-0.002545302285953754,0.05262684456980939
19.40868836983572,-0.042661380817930875,-0.06969033078946112
19.218747795625195,-0.0069449365155245515,-0.2923566319362072
19.66116839107812,0.028698419014318955,0.13855260556748278
19.608588638343598,0.024757289347745723,0.10416419982201681
19.797431880658976,0.0016414084460748878,0.33246269844911464
19.40108748930084,-0.015869617199723008,-0.027941628774968096
19.526314653566125,0.0038908123177334446,0.08665362018160908
19.288619338223285,0.017086333224050065,-0.17429811830197295
19.54718768591433,0.0016837816992852524,0.08755578240482668
19.05209939699516,0.006068309722169558,-0.4176017618297675
19.38075834343133,-0.015805116952245703,-0.06636830899187432
19.326160031691177,-0.002545302285953754,-0.130688478336863
19.433469646110797,-0.042661380817930875,0.023295367104415446
19.435428172976327,-0.0069449365155245515,-0.0180840782271465
19.735295977943277,0.028698419014318955,0.2433825450856763
19.6708945064993,0.024757289347745723,0.18805859355061222
19.71830009904799,0.0016414084460748878,0.24941289337298897
19.39530830143685,-0.015869617199723008,-0.07278004377073778
19.37469818167773,0.0038908123177334446,-0.1297547396137004
19.62315247958425,0.017086333224050065,0.10419426519978003
19.278842371536125,0.0016837816992852524,-0.20474243522790356
19.19717134555721,0.006068309722169558,-0.2543737840747252
19.455698561940835,-0.015805116952245703,0.041703791964357445
19.652311777462906,-0.002545302285953754,0.20486359101107757
19.505817417932352,-0.042661380817930875,0.06704776751997528
19.39451493363612,-0.0069449365155245515,-0.09311779122397021
19.296908670987328,0.028698419014318955,-0.23923934512241046
19.235100889735747,0.024757289347745723,-0.3185852980106841
19.77784732426645,0.0016414084460748878,0.22603143402337408
19.820407519635747,-0.015869617199723008,0.2760691377499678
19.704099983299496,0.0038908123177334446,0.14498035647336652
19.609269801449955,0.017086333224050065,0.037098595280472324
19.601651506945675,0.0016837816992852524,0.01979772442475484
19.38986544142611,0.006068309722169558,-0.24157581004470333
19.772898467631407,-0.015805116952245703,0.13649057553414876
19.575916286696344,-0.002545302285953754,-0.07490346738128148
19.46271247884834,-0.042661380817930875,-0.15919044021469902
19.434165275209125,-0.0069449365155245515,-0.2387718531087257
19.85930139844312,0.028698419014318955,0.14927877051853827
19.75757874452819,0.024757289347745723,0.04299633763318163
19.899531084694637,0.0016414084460748878,0.19486095052867966
19.72637289474538,-0.015869617199723008,0.009466122608383854
20.0669164526072,0.0038908123177334446,0.3074666811760396
19.61407969100004,0.017086333224050065,-0.18012721459079728
19.63145307524089,0.0016837816992852524,-0.1691101742004447
19.56408568041886,0.006068309722169558,-0.2586031320159802
19.91556482478156,-0.015805116952245703,0.08203725814544979
20.14719385635037,-0.002545302285953754,0.2805950478952518
19.43821658383518,-0.042661380817930875,-0.40428363968233144
19.97613988830296,-0.0069449365155245515,0.09291253924703916
19.83954027435567,0.028698419014318955,-0.10149336658695444
20.20312470791041,0.024757289347745723,0.2270387183665658
20.23907746232888,0.0016414084460748878,0.27597333071197166
19.862300768776358,-0.015869617199723008,-0.07813819493783193
20.31540842484109,0.0038908123177334446,0.33283210221051873
19.485844068430232,0.017086333224050065,-0.5387358848034403
20.291599170375378,0.0016837816992852524,0.27348805365003365
19.83978306371132,0.006068309722169558,-0.18002576631115277
19.88308399288274,-0.015805116952245703,-0.09815648559371029
20.055975274083192,-0.002545302285953754,0.054204352304873325
20.06648147167655,-0.042661380817930875,0.09455801908140245
20.039269633184343,-0.0069449365155245515,0.016922628279822965
19.99081968986885,0.028698419014318955,-0.08701547258631974
19.987361738979004,0.024757289347745723,-0.11539500191007228
20.05416223434171,0.0016414084460748878,-0.08159793301702081
20.221711084017382,-0.015869617199723008,0.06505960050092006
20.20244473397142,0.0038908123177334446,0.029707633532739114
19.951778351467112,0.017086333224050065,-0.2452372675364245
20.301940135837715,0.0016837816992852524,0.08154643476723271
20.5221470926606,0.006068309722169558,0.2720780093643188
20.54758334084524,-0.015805116952245703,0.29785185865972447
20.313132129405524,-0.002545302285953754,0.01667274019740863
19.721129114068404,-0.042661380817930875,-0.5634293585164815
20.650613934597526,-0.0069449365155245515,0.30945180832614927
20.310210594656677,0.028698419014318955,-0.08496683510582086
20.274951335061036,0.024757289347745723,-0.11543085462646623
20.283432451787338,0.0016414084460748878,-0.07113027132725805
20.79567508312309,-0.015869617199723008,0.4694164114380899
20.305644620675643,0.0038908123177334446,-0.054527513468242556
20.349871489981044,0.017086333224050065,-0.037180186252150804
20.34477374839452,0.0016837816992852524,-0.04997944074502721
20.45881483030159,0.006068309722169558,0.02203039793060056
20.306029547094592,-0.015805116952245703,-0.13343997506579955
20.29565330434487,-0.002545302285953754,-0.1439203570131354
20.07828072972344,-0.042661380817930875,-0.2953272804761706
20.62187882733431,-0.0069449365155245515,0.22708104489764927
20.89344324826664,0.028698419014318955,0.4634863386294616
20.595239846456515,0.024757289347745723,0.16001533892728154
20.552548335523515,0.0016414084460748878,0.13714639629074696
20.21082298813872,-0.015869617199723008,-0.2077394247963047
20.27010697262588,0.0038908123177334446,-0.18867772774332378
20.03676900846212,0.017086333224050065,-0.44499778120344047
20.64625475000961,0.0016837816992852524,0.19577577542775462
20.37834329009368,0.006068309722169558,-0.050485946541988805
20.465540589827494,-0.015805116952245703,0.06005372281379648
20.63225824596524,-0.002545302285953754,0.20011077732850216
20.232760378104462,-0.042661380817930875,-0.18091912171758467
20.702276820314268,-0.0069449365155245515,0.21633057024339755
20.43179892987218,0.028698419014318955,-0.10630259262475787
20.432061781593184,0.024757289347745723,-0.09362625389916239
20.68047176964554,0.0016414084460748878,0.17948417038987116
20.404518440978578,-0.015869617199723008,-0.08501859414666392
20.59596615300087,0.0038908123177334446,0.05461295394628765
20.588117170801095,0.017086333224050065,0.010359721839098057
20.49119259318001,0.0016837816992852524,-0.06914862733167533
20.330068870810955,0.006068309722169558,-0.24112254062974872
20.475785681070104,-0.015805116952245703,-0.0760655324423867
20.76746423109144,-0.002545302285953754,0.20483525121842808
20.866892018863503,-0.042661380817930875,0.35552997210050036
20.62515467558157,-0.0069449365155245515,0.0956862536322172
20.46059282839173,0.028698419014318955,-0.08698268361705556
20.55844379282086,0.024757289347745723,0.020890169511223536
20.614887248326767,0.0016414084460748878,0.08522453479273082
20.410533802958927,-0.015869617199723008,-0.08527528710678901
20.322330281147625,0.0038908123177334446,-0.16723633932437762
20.439111383869044,0.017086333224050065,-0.06569077717920635
20.21932800882216,0.0016837816992852524,-0.2621117456085896
20.455995238387043,0.006068309722169558,0.00024716046244420073
20.715258620519684,-0.015805116952245703,0.3027069838278768
20.13576894390127,-0.002545302285953754,-0.28687880642937313
20.874517727385587,-0.042661380817930875,0.48459816693858043
20.666489439137877,-0.0069449365155245515,0.23590164388706206
20.228221542609678,0.028698419014318955,-0.23314001623070296
20.06898616990614,0.024757289347745723,-0.3794330600324283
20.5925925218405,0.0016414084460748878,0.2038421636489943
20.356899704786063,-0.015869617199723008,0.02560539230023572
20.55327370688081,0.0038908123177334446,0.2352408145520444
20.32701093016956,0.017086333224050065,0.026671644488320823
20.214558255954906,0.0016837816992852524,-0.061542674850891446
20.244736209608536,0.006068309722169558,-0.05721958911040205
20.049245869008757,-0.015805116952245703,-0.2345892711981479
19.843101213975107,-0.002545302285953754,-0.44356300770306445
20.374661065123256,-0.042661380817930875,0.12807500785327092
20.42500704010799,-0.0069449365155245515,0.14021713348582046
20.25764466122333,0.028698419014318955,-0.061693884069363755
20.554851208658693,0.024757289347745723,0.2542997320056461
20.19679391898513,0.0016414084460748878,-0.07204149760089465
20.502360710960783,-0.015869617199723008,0.2234539008400811
20.408722639677094,0.0038908123177334446,0.07829363038612572
20.531259718567934,0.017086333224050065,0.19760132672491082
19.98403626293299,0.0016837816992852524,-0.31173965050094005
20.11895566727669,0.006068309722169558,-0.1485687668563668
19.968622111372035,-0.015805116952245703,-0.25247316287716776
20.58570303194325,-0.002545302285953754,0.35761332675868973
20.394341718822584,-0.042661380817930875,0.21577345043828627
20.1661390659064,-0.0069449365155245515,-0.02083628430093662
19.976994390200996,0.028698419014318955,-0.24251751040758435
20.052237303910903,0.024757289347745723,-0.18214100176262243
20.11007022670628,0.0016414084460748878,-0.10026327761115042
20.438715193697224,-0.015869617199723008,0.27106137665867913
20.246639558501865,0.0038908123177334446,0.09164232110824758
20.03791810023833,0.017086333224050065,-0.12139345767987564
20.40281455817624,0.0016837816992852524,0.25638120115298285
20.15155820558993,0.006068309722169558,0.0021810682206729708
19.913725482152596,-0.015805116952245703,-0.19196888987674557
20.036551781968544,-0.002545302285953754,-0.04176998750852188
20.16548474890002,-0.042661380817930875,0.17471432475399779
20.18184722666752,-0.0069449365155245515,0.19130837211998133
20.021870644555488,0.028698419014318955,0.03563797676078169
19.97278310531121,0.024757289347745723,0.0375057936851146
19.666100297333923,0.0016414084460748878,-0.23618562266621482
19.90750710982388,-0.015869617199723008,0.017918037552686384
19.63940123919776,0.0038908123177334446,-0.2636669725298886
19.78240408592108,0.017086333224050065,-0.10228597098251768
19.69953955770924,0.0016837816992852524,-0.1248013513972351
19.72649177000798,0.006068309722169558,-0.08071957014830645
20.101779660351635,-0.015805116952245703,0.3059054675607042
19.964037873773947,-0.002545302285953754,0.13922985911488586
20.08724769563072,-0.042661380817930875,0.2927851207781114
19.50231606240796,-0.0069449365155245515,-0.3294458690244957
19.62268349827841,0.028698419014318955,-0.23414944830052092
19.855631924234597,0.024757289347745723,-0.009294611655760218
20.036122181827984,0.0016414084460748878,0.18842721263304937
19.913661398173915,-0.015869617199723008,0.10919787053524764
19.867742280260277,0.0038908123177334446,0.08297399572738387
19.59205293951715,0.017086333224050065,-0.19669715525749965
19.63615453491224,0.0016837816992852524,-0.13562401900329898
20.078710048277145,0.006068309722169558,0.32950615519437776
19.890784923032445,-0.015805116952245703,0.20513060398247004
19.55774262924172,-0.002545302285953754,-0.09803354611222867
19.54660679720549,-0.042661380817930875,-0.03942769293204222
19.821827904883687,-0.0069449365155245515,0.2143562305617346
19.26551591177841,0.028698419014318955,-0.3639692066211249
19.565778978198797,0.024757289347745723,-0.007176461638155371
19.32574759126273,0.0016414084460748878,-0.1653677674090787
19.588724988043488,-0.015869617199723008,0.13769864025578138
19.481664129964376,0.0038908123177334446,0.01370084781848549
19.635428846981306,0.017086333224050065,0.16411306371050216
19.26566075259384,0.0016837816992852524,-0.2016312299805781
19.18707865709129,0.006068309722169558,-0.2949558592679712
19.37303550789493,-0.015805116952245703,-0.07812647963753763
19.533620398659927,-0.002545302285953754,0.06237196433554861
19.50296514396475,-0.042661380817930875,0.05897821546368405
19.62923708337072,-0.0069449365155245515,0.14097757553672444
19.731196753172487,0.028698419014318955,0.20140394016362578
19.348690275091865,0.024757289347745723,-0.1891819330397187
19.326857842712545,0.0016414084460748878,-0.20090061633873404
19.75145390760842,-0.015869617199723008,0.23970722804388012
19.62744495540739,0.0038908123177334446,0.09496477941920548
19.694995262270947,0.017086333224050065,0.14721187883073128
19.34745312878472,0.0016837816992852524,-0.1901297786163708
19.39377887584354,0.006068309722169558,-0.18135673466688376
19.47838645285536,-0.015805116952245703,-0.10704153524756224
19.46425136151689,-0.002545302285953754,-0.1471937417576775
19.595687786856303,-0.042661380817930875,0.02841652742600871
19.587098917576373,-0.0069449365155245515,0.0034539484709173165
19.898184730622237,0.028698419014318955,0.2783663589615341
19.97773849971684,0.024757289347745723,0.3467454442799475
19.46978892049357,0.0016414084460748878,-0.14745931376183066
19.914698041955848,-0.015869617199723008,0.3021809544114442
19.366814453564736,0.0038908123177334446,-0.272555111198175
19.49140013305977,0.017086333224050065,-0.17445046627907246
19.563769386605543,0.0016837816992852524,-0.0940459743491578
19.54024214064908,0.006068309722169558,-0.09575321922821346
19.556828621334184,-0.015805116952245703,-0.033817792891275095
19.692526287473257,-0.002545302285953754,0.10995571976491339
19.53762200572508,-0.042661380817930875,0.002237102317421316
19.964017026778357,-0.0069449365155245515,0.3714929471546471
19.69808213679526,0.028698419014318955,0.06200329812477508
19.5489323951369,0.024757289347745723,-0.07860913385457273
19.33518256961538,0.0016414084460748878,-0.2812012773880483
19.537248524432187,-0.015869617199723008,-0.06542841985456939
19.57459391263949,0.0038908123177334446,-0.04696650267970723
19.79776623991242,0.017086333224050065,0.1796995943749451
19.447276964159343,0.0016837816992852524,-0.13330293657896827
19.54642624279672,0.006068309722169558,-0.03370467641376863
19.83764129311353,-0.015805116952245703,0.2779975561753522
19.503012565992872,-0.002545302285953754,-0.08017791172209096
19.70608872356506,-0.042661380817930875,0.16179226866860047
19.395007332425564,-0.0069449365155245515,-0.18131619162865584
19.737071192562475,0.028698419014318955,0.1187155768218628
19.39393911015274,0.024757289347745723,-0.24384065364205193
19.52344572025004,0.0016414084460748878,-0.08102393737628191
19.59587160044936,-0.015869617199723008,0.02760105199707773
19.545300173745545,0.0038908123177334446,-0.03691675354618182
19.738514975334976,0.017086333224050065,0.13991448208490453
19.659857896493985,0.0016837816992852524,0.0642013630827835
19.89461197576005,0.006068309722169558,0.2925836588499148
19.244794153747137,-0.015805116952245703,-0.34929783940970244
19.64734570068149,-0.002545302285953754,0.026512721069829624
19.422218372604103,-0.042661380817930875,-0.17681735786609382
19.75539076463521,-0.0069449365155245515,0.09868120588582577
19.675693960814225,0.028698419014318955,-0.0411369001401634
19.503010473326132,0.024757289347745723,-0.2159884523785916
19.748864827183635,0.0016414084460748878,0.03510822139981825
19.694000616440405,-0.015869617199723008,-0.03616383701002569
19.88682306312682,0.0038908123177334446,0.11540184894963604
19.923969301396568,0.017086333224050065,0.10963715000989893
20.061874290636105,0.0016837816992852524,0.22347551378618694
19.639216247623825,0.006068309722169558,-0.24428418110235742
19.92915534542168,-0.015805116952245703,0.05426165773548616
19.777037468504854,-0.002545302285953754,-0.12062676929867275
19.80843855380371,-0.042661380817930875,-0.06886383674457079
20.08234057471184,-0.0069449365155245515,0.16037135553051576
20.296004398449902,0.028698419014318955,0.33596879860012735
19.85991100817158,0.024757289347745723,-0.12102312290525212
19.710364747564327,0.0016414084460748878,-0.2701509670515371
19.960758346884774,-0.015869617199723008,-0.022224498987977414
20.094166883324007,0.0038908123177334446,0.057613086411174824
19.93143470513463,0.017086333224050065,-0.13981373681442477
20.112561490224586,0.0016837816992852524,0.048158431179611424
20.184680909482445,0.006068309722169558,0.09784556126650044
19.92842983013989,-0.015805116952245703,-0.18119761953502847
20.257238749451236,-0.002545302285953754,0.12003063205857747
20.13968978940023,-0.042661380817930875,0.05608748732401565
20.267068318233047,-0.0069449365155245515,0.14352917181051075
20.31664870182515,0.028698419014318955,0.18121693067756767
20.272412972350324,0.024757289347745723,0.15833123299981827
20.369835458586984,0.0016414084460748878,0.26799052407518925
19.6449881090968,-0.015869617199723008,-0.44223941068284467
20.086183438284827,0.0038908123177334446,-0.018447038406625732
20.040707751227878,0.017086333224050065,-0.0795781204735917
19.433270904816112,0.0016837816992852524,-0.6711768802357204
20.44615784375883,0.006068309722169558,0.35455671876458184
19.92805072137457,-0.015805116952245703,-0.1349685924658333
20.327064520144024,-0.002545302285953754,0.24471004567885904
20.013284676171924,-0.042661380817930875,-0.05502538298251551
20.452510409950136,-0.0069449365155245515,0.32091812747597803
20.120753767111207,0.028698419014318955,-0.09404205300471728
20.05475939313293,0.024757289347745723,-0.18475703047167508
20.426487810298266,0.0016414084460748878,0.2006590674573637
19.734144060388715,-0.015869617199723008,-0.49541615505273007
20.62274740430292,0.0038908123177334446,0.3647263995524257
20.16572248162531,0.017086333224050065,-0.09565219825019255
20.44970054510472,0.0016837816992852524,0.2219688057740216
20.117609799196416,0.006068309722169558,-0.14263399680035507
20.482875569248197,-0.015805116952245703,0.20533094960867102
20.28205963018257,-0.002545302285953754,-0.063581313171268
20.26709820113161,-0.042661380817930875,-0.07454537607603655
19.96249258623904,-0.0069449365155245515,-0.42157079497553607
20.173002254341377,0.028698419014318955,-0.2634461702441658
20.67757159333932,0.024757289347745723,0.224113778886257
20.74385761770399,0.0016414084460748878,0.30475947255340824
20.732850470135293,-0.015869617199723008,0.30905345172477916
20.49089009181525,0.0038908123177334446,0.027055323016129923
20.458460427021645,0.017086333224050065,-0.05374919125707933
20.55876310789524,0.0016837816992852524,0.01630787956875272
20.511359705224084,0.006068309722169558,-0.04818909380754989
20.299274741601177,-0.015805116952245703,-0.2254246130382727
20.51869803156716,-0.002545302285953754,0.0012448424836911881
20.517115500654423,-0.042661380817930875,0.037080857403017545
20.55677917247528,-0.0069449365155245515,0.011469557650571921
20.67427154584581,0.028698419014318955,0.07410773501324615
20.481319326209203,0.024757289347745723,-0.11663171013798639
20.62868545960762,0.0016414084460748878,0.04694615779642105
20.35587910289698,-0.015869617199723008,-0.2079221634199937
20.93260224385164,0.0038908123177334446,0.3505505850634323
20.726152929486748,0.017086333224050065,0.1389185227252696
20.752130776902373,0.0016837816992852524,0.19400503786501436
20.35947256056576,0.006068309722169558,-0.21353342679543888
20.61686139903576,-0.015805116952245703,0.078291863198759
20.190863137770396,-0.002545302285953754,-0.3616015325822971
20.808709505341916,-0.042661380817930875,0.2960893721576117
20.07287861739464,-0.0069449365155245515,-0.45951454468935093
20.829225312141997,0.028698419014318955,0.2760370020425708
20.5782628471358,0.024757289347745723,0.04004619746965084
20.230229342286204,0.0016414084460748878,-0.2656890285673605
20.76958289660406,-0.015869617199723008,0.3176023228156917
20.52541544287064,0.0038908123177334446,0.08754678391787055
20.750697760802527,0.017086333224050065,0.3123413381810316
20.371228965240807,0.0016837816992852524,-0.05184894823593973
20.475641633826523,0.006068309722169558,0.06792290779411402
20.040314775913004,-0.015805116952245703,-0.3591089199330691
20.13316724682757,-0.002545302285953754,-0.2707593637142288
20.05346913181136,-0.042661380817930875,-0.2751855659691937
20.52313281722312,-0.0069449365155245515,0.18259859123618674
20.381948129433905,0.028698419014318955,0.014448104544985529
20.551690858630533,0.024757289347745723,0.17359490372999636
20.582682846505453,0.0016414084460748878,0.19979497641477337
20.20696379309119,-0.015869617199723008,-0.19236997077605245
20.244294524881056,0.0038908123177334446,-0.1895652494902633
20.459732692487503,0.017086333224050065,0.016142780527651723
20.453932674487262,0.0016837816992852524,0.0377435400065375
20.741827356856643,0.006068309722169558,0.3319683483706949
20.44391615908625,-0.015805116952245703,0.0714288576137305
20.544531929791034,-0.002545302285953754,0.18316484755834642
19.996478392526807,-0.042661380817930875,-0.33024471502337066
20.49695435688088,-0.0069449365155245515,0.12633562074637175
20.120169166871573,0.028698419014318955,-0.2763647023090175
20.55631812476892,0.024757289347745723,0.18295919663931776
20.206096852230747,0.0016414084460748878,-0.1147511438066772
19.998428973618932,-0.015869617199723008,-0.2738078724946076
20.58415983674046,0.0038908123177334446,0.3028544659013208
20.31616780339425,0.017086333224050065,0.01713260321573884
20.36402022397032,0.0016837816992852524,0.09253191494844464
20.370128334147665,0.006068309722169558,0.11685118990096753
20.11013395322298,-0.015805116952245703,-0.11526773315855524
20.131911152980216,-0.002545302285953754,-0.10808183552944181
20.152493454333065,-0.042661380817930875,-0.0007891125060569965
20.44976269746791,-0.0069449365155245515,0.3014417928669113
19.87589667511971,0.028698419014318955,-0.2953273998592148
20.258293989367324,0.024757289347745723,0.12409186727114126
20.3600722390545,0.0016414084460748878,0.2858520415329387
19.876409285879017,-0.015869617199723008,-0.16135470209026415
19.587915289154896,0.0038908123177334446,-0.48228536157493296
20.336137794007037,0.017086333224050065,0.2500076141047032
20.03828578971168,0.0016837816992852524,-0.02701256407038651
19.90192301121824,0.006068309722169558,-0.13803207453895086
19.693554228001563,-0.015805116952245703,-0.268157619789198
20.09380646444594,-0.002545302285953754,0.1422725330640923
20.494827740701616,-0.042661380817930875,0.5756837559523388
20.173044609487917,-0.0069449365155245515,0.2184527152266265
20.02231217280772,0.028698419014318955,0.0473963305546687
19.39841138653301,0.024757289347745723,-0.5623923649896756
19.86707937088038,0.0016414084460748878,-0.07833489300946042
19.80689660824829,-0.015869617199723008,-0.11876050068028456
19.842855132371312,0.0038908123177334446,-0.056638707596009946
20.074753115821192,0.017086333224050065,0.20224741622193676
19.932004686983504,0.0016837816992852524,0.09085172305209303
19.76410104841551,0.006068309722169558,-0.08216299622310687
20.01680962925608,-0.015805116952245703,0.19055686231346255
19.716643959620136,-0.002545302285953754,-0.1117541043538409
19.76982148203843,-0.042661380817930875,-0.014871910326013024
19.933642997565865,-0.0069449365155245515,0.11512797907648056
19.878909365295904,0.028698419014318955,0.053483957485574954
19.55925145846848,0.024757289347745723,-0.22775960517277022
19.75093087442694,0.0016414084460748878,0.021625446090575894
19.65629668146332,-0.015869617199723008,-0.03124126829841579
19.907328825294936,0.0038908123177334446,0.20886170964415188
19.964803786638527,0.017086333224050065,0.29618758598900286
19.35236282715245,0.0016837816992852524,-0.2526919493512492
19.516385760186445,0.006068309722169558,-0.09674884557990183
19.43437081180808,-0.015805116952245703,-0.14923873414181246
19.716927906776185,-0.002545302285953754,0.15010080415073337
19.557587207800637,-0.042661380817930875,0.04332257912483868
19.112762810021767,-0.0069449365155245515,-0.4215169719126086
19.543976609934536,0.028698419014318955,-0.02208446868301932
19.982871443584177,0.024757289347745723,0.40732269152501493
19.14367169390217,0.0016414084460748878,-0.42419169453200073
19.542541670210625,-0.015869617199723008,-0.011699713902476604
19.72237034652342,0.0038908123177334446,0.14673244000663901
19.77293128035824,0.017086333224050065,0.17198346767231243
19.45154592111267,0.0016837816992852524,-0.15720569583387398
19.739493940822545,0.006068309722169558,0.14256349078569838
19.58159504581236,-0.015805116952245703,0.017248320571495248
19.66304018456534,-0.002545302285953754,0.0703811129039146
19.650741159280862,-0.042661380817930875,0.12091878440753419
19.310354104849587,-0.0069449365155245515,-0.22448447844114747
19.90333785395565,0.028698419014318955,0.34613188333474526
19.23457352118116,0.024757289347745723,-0.31641137816918424
19.63492246138754,0.0016414084460748878,0.10634207107574553
19.4125516648277,-0.015869617199723008,-0.09665792906745786
19.30706551375945,0.0038908123177334446,-0.19429933869879987
19.451430451882302,0.017086333224050065,-0.058792804181521774
19.45442351279644,0.0016837816992852524,-0.0347248363599318
19.681897750643152,0.006068309722169558,0.19948026181157016
19.656264160706577,-0.015805116952245703,0.17950086368571602
19.54373657117093,-0.002545302285953754,0.037264895211259884
19.10752066977057,-0.042661380817930875,-0.3793411158152952
19.749483779142103,-0.0069449365155245515,0.22968437016245694
19.32807165047864,0.028698419014318955,-0.20979889667359358
19.543070404314008,0.024757289347745723,0.016900513992287716
19.715687214983337,0.0016414084460748878,0.22735164928170234
19.726552453772182,-0.015869617199723008,0.26939891238768277
19.4852132406111,0.0038908123177334446,-0.009764009779287458
19.206591023223748,0.017086333224050065,-0.31049669816077596
19.27752972488084,0.0016837816992852524,-0.22937915334908662
19.67256288662415,0.006068309722169558,0.14650033824486383
19.312356375483727,-0.015805116952245703,-0.17599255133962702
19.559540388281647,-0.002545302285953754,0.08895120875581744
19.52523556038207,-0.042661380817930875,0.09991390720896305
19.545727690638376,-0.0069449365155245515,0.05340782307157091
19.65719673986645,0.028698419014318955,0.07737635843393038
19.568404725961543,0.024757289347745723,-0.040306812251148114
19.31018821617936,0.0016414084460748878,-0.28207867639688405
19.38758196544461,-0.015869617199723008,-0.1887557488665157
19.700548981240814,0.0038908123177334446,0.1019552326890201
19.742017764784933,0.017086333224050065,0.11508984335582895
19.986674783380632,0.0016837816992852524,0.3790306153055946
19.751392702846225,0.006068309722169558,0.1350323135194432
19.393636205627114,-0.015805116952245703,-0.2419557878997958
19.51622489527448,-0.002545302285953754,-0.16739978458016433
19.62844556674637,-0.042661380817930875,-0.03862263974404627
19.80584533157793,-0.0069449365155245515,0.08850353016525594
19.30393025502357,0.028698419014318955,-0.43735401394335965
20.02563184829701,0.024757289347745723,0.30239184643008094
19.83948183483301,0.0016414084460748878,0.10377980812768114
19.69283726666561,-0.015869617199723008,-0.07169933225594939
19.96072420404583,0.0038908123177334446,0.1582803553360266
19.831214156856436,0.017086333224050065,0.01241538228141792
19.616657079894903,0.0016837816992852524,-0.20402921446442743
19.78293510792976,0.006068309722169558,-0.05760318639880681
20.21596353830521,-0.015805116952245703,0.39937064313090626
19.806191911285048,-0.002545302285953754,-0.034183909466280894
19.774002237234782,-0.042661380817930875,-0.03186860965078779
19.73611438010291,-0.0069449365155245515,-0.10447740285466176
19.78862291791649,0.028698419014318955,-0.08929745160313045
19.912158512116616,0.024757289347745723,0.018369287258630254
19.903227831496988,0.0016414084460748878,0.02191865262082756
19.88164593185928,-0.015869617199723008,0.019464787417956087
19.906582050841397,0.0038908123177334446,0.01732007326424226
19.861464112531195,0.017086333224050065,-0.06201946205244724
19.626852668993035,0.0016837816992852524,-0.3078834506194999
20.248179158950105,0.006068309722169558,0.3323152330284965
20.00597952536121,-0.015805116952245703,0.10504518177978481
19.977367713291983,-0.002545302285953754,0.05622971071003637
19.778516122069,-0.042661380817930875,-0.10944964631520009
20.23622632167271,-0.0069449365155245515,0.3056002646518694
19.92823329363452,0.028698419014318955,-0.044979963250394925
